4602.92,17813.11,19037.11,14267.04,192.00,0.00,105.00,511.00,perfect_posture
10320.39,15614.74,16905.82,12601.18,0.00,0.00,0.00,171.00,perfect_posture
10496.98,15542.84,18776.88,11688.47,0.00,0.00,336.00,0.00,perfect_posture
5180.45,15393.50,13126.55,14061.20,1212.00,0.00,773.00,1371.00,perfect_posture
13337.61,15057.27,15250.79,11219.36,1273.00,0.00,756.00,552.00,perfect_posture
8707.25,17248.95,20590.68,14248.86,174.00,0.00,1051.00,48.00,perfect_posture
8125.06,16636.41,16299.84,10584.59,734.00,0.00,734.00,589.00,perfect_posture
5208.21,19590.22,21274.61,3717.87,944.00,0.00,965.00,1254.00,perfect_posture
5389.53,17783.67,20998.35,4618.78,1123.00,0.00,962.00,1369.00,perfect_posture
5116.79,17294.44,20974.96,4655.44,1138.00,0.00,1146.00,1577.00,perfect_posture
4187.56,19330.33,19067.42,10949.06,915.00,0.00,663.00,1455.00,perfect_posture
11887.76,15755.21,18513.66,10635.66,993.00,0.00,946.00,1386.00,perfect_posture
11122.42,16575.71,19229.94,11116.11,658.00,0.00,1004.00,922.00,perfect_posture
12879.19,15060.68,17593.44,13222.57,928.00,0.00,851.00,959.00,perfect_posture
12262.28,14692.10,15544.20,15111.39,1081.00,0.00,675.00,1195.00,perfect_posture
13492.19,14260.26,15802.23,15981.07,1287.00,0.00,368.00,1285.00,perfect_posture
13607.07,13199.83,15727.83,16507.96,1318.00,0.00,474.00,1214.00,perfect_posture
13563.36,13257.54,15315.20,14863.87,1109.00,0.00,765.00,1086.00,perfect_posture
7461.45,15396.58,17042.72,12095.43,1198.00,0.00,533.00,1007.00,perfect_posture
15260.02,16758.47,15599.66,7456.92,1437.00,0.00,537.00,1221.00,perfect_posture
11377.25,16441.95,15259.31,11472.80,1424.00,0.00,535.00,1239.00,perfect_posture
11892.63,20010.81,19950.21,1841.24,1333.00,0.00,1068.00,1359.00,perfect_posture
5667.69,19976.13,19059.36,2302.79,1510.00,7.00,987.00,1620.00,perfect_posture
5540.50,19342.18,19597.13,2739.71,922.00,0.00,732.00,1676.00,perfect_posture
5996.23,20290.54,22388.27,3010.52,0.00,0.00,0.00,0.00,perfect_posture
2156.67,20756.10,13764.54,9316.19,1203.00,109.00,0.00,1339.00,perfect_posture
13081.76,16628.33,13512.63,10706.09,1098.00,130.00,213.00,1331.00,perfect_posture
13997.24,15636.00,12880.19,13559.50,1394.00,0.00,0.00,1535.00,perfect_posture
16097.23,15336.18,12731.57,14169.45,1520.00,0.00,0.00,1652.00,perfect_posture
15351.99,16842.68,14832.72,9549.12,1519.00,0.00,0.00,1683.00,perfect_posture
12638.25,14532.85,12972.97,13331.71,1637.00,0.00,0.00,1762.00,perfect_posture
12703.69,13870.47,12252.43,13345.58,1743.00,0.00,166.00,1746.00,perfect_posture
12896.15,13047.49,12504.16,12914.00,1827.00,0.00,0.00,1820.00,perfect_posture
11617.29,17683.50,18036.09,4793.08,1681.00,194.00,0.00,721.00,perfect_posture
7042.60,18426.78,16549.14,8081.13,178.00,673.00,0.00,0.00,perfect_posture
6571.27,17185.13,20110.76,8917.67,1799.00,0.00,0.00,1727.00,perfect_posture
7853.47,17440.51,18011.00,7643.22,1653.00,3.00,0.00,1527.00,perfect_posture
8691.33,15762.80,18517.43,2102.45,1488.00,507.00,525.00,1386.00,perfect_posture
8871.11,16573.89,18197.90,7798.59,1534.00,5.00,151.00,1559.00,perfect_posture
9005.97,17182.29,17390.25,7593.45,1454.00,32.00,225.00,1532.00,perfect_posture
4349.63,19389.43,18294.18,4672.76,1492.00,361.00,588.00,1493.00,perfect_posture
7263.42,16142.97,17519.54,7014.06,1793.00,176.00,144.00,1664.00,perfect_posture
7583.36,16521.58,17619.60,6484.68,1699.00,136.00,212.00,1669.00,perfect_posture
7379.62,16987.02,18415.12,6318.78,1567.00,179.00,223.00,1617.00,perfect_posture
7260.70,16874.82,17763.67,6639.07,1632.00,123.00,221.00,1739.00,perfect_posture
7588.17,16092.77,19573.43,3461.24,1733.00,208.00,306.00,1611.00,perfect_posture
5312.39,17813.41,18101.07,4028.09,1774.00,354.00,290.00,1569.00,perfect_posture
4573.60,17695.15,18424.62,3903.10,1767.00,320.00,275.00,1583.00,perfect_posture
4490.80,17510.12,18228.58,4089.87,1777.00,208.00,239.00,1617.00,perfect_posture
4592.58,17278.38,18473.73,4147.16,1712.00,304.00,289.00,1493.00,perfect_posture
4673.47,17286.73,18310.36,4385.60,1770.00,293.00,304.00,1488.00,perfect_posture
4643.66,16293.84,19207.55,4037.04,1808.00,511.00,333.00,1344.00,perfect_posture
4564.02,17259.41,17970.70,4197.49,1867.00,537.00,394.00,1379.00,perfect_posture
4628.11,17369.22,18130.63,4084.83,1872.00,409.00,304.00,1313.00,perfect_posture
4778.33,17082.19,17944.95,4217.10,1814.00,499.00,390.00,1232.00,perfect_posture
4597.47,17432.31,18036.66,3971.23,1843.00,558.00,641.00,1267.00,perfect_posture
4574.06,17619.50,18797.83,3995.10,1856.00,453.00,695.00,1237.00,perfect_posture
3985.10,17854.60,18579.83,4212.38,1894.00,383.00,699.00,1329.00,perfect_posture
4182.18,17666.20,86082.70,-9140.72,1754.00,477.00,814.00,1356.00,perfect_posture
4111.93,17547.56,18234.32,4712.26,1931.00,306.00,511.00,1383.00,perfect_posture
4218.50,17381.40,18426.82,3648.81,1429.00,438.00,955.00,1360.00,perfect_posture
4214.35,18351.83,18560.42,3459.71,1401.00,490.00,896.00,1346.00,perfect_posture
4226.22,18096.81,17985.81,3453.11,1516.00,797.00,0.00,848.00,perfect_posture
6001.50,17722.27,18413.36,4355.37,1472.00,139.00,231.00,1535.00,perfect_posture
6829.53,17767.99,18592.79,4424.99,1457.00,112.00,411.00,1413.00,perfect_posture
5966.34,17578.22,18809.06,4660.46,1507.00,123.00,366.00,1535.00,perfect_posture
7022.17,17490.86,18116.34,8230.91,1490.00,0.00,103.00,1506.00,perfect_posture
9139.00,16713.36,17856.18,8175.11,1511.00,0.00,139.00,1603.00,perfect_posture
9160.74,16694.28,17856.43,8382.95,1466.00,0.00,16.00,1599.00,perfect_posture
9368.58,16667.74,17806.33,8275.39,1515.00,0.00,181.00,1563.00,perfect_posture
9427.73,16149.35,17448.92,7458.46,1495.00,51.00,236.00,1552.00,perfect_posture
9031.68,16776.69,18037.10,7977.53,1730.00,0.00,0.00,1510.00,perfect_posture
4342.00,19570.35,14848.81,6267.29,1563.00,386.00,528.00,1264.00,perfect_posture
7435.22,17314.50,15663.99,10507.57,1598.00,290.00,533.00,1401.00,perfect_posture
10771.32,15995.54,14767.33,11247.79,1719.00,425.00,523.00,1363.00,perfect_posture
10560.56,16059.17,15084.26,11935.59,1761.00,163.00,381.00,1552.00,perfect_posture
13193.92,14671.67,14217.84,11933.37,1729.00,369.00,522.00,1425.00,perfect_posture
12036.30,15255.57,14542.41,11874.19,1709.00,383.00,545.00,1471.00,perfect_posture
12195.96,15782.76,21724.56,-47.35,1463.00,563.00,999.00,1456.00,perfect_posture
4171.79,19943.80,17156.04,3169.53,1481.00,394.00,720.00,1271.00,perfect_posture
6441.83,18623.51,18859.99,7951.91,1573.00,327.00,483.00,1355.00,perfect_posture
11310.58,16220.34,15815.70,11959.15,1611.00,417.00,603.00,1456.00,perfect_posture
8601.69,19939.14,18278.19,3057.85,1023.00,276.00,959.00,1357.00,perfect_posture
8683.19,18760.46,17566.83,5882.93,1502.00,539.00,1112.00,1523.00,perfect_posture
7908.42,18005.26,17503.07,6208.80,1737.00,560.00,737.00,1552.00,perfect_posture
8134.27,17801.93,16230.97,6518.08,1685.00,448.00,569.00,1748.00,perfect_posture
8301.61,17679.19,16203.55,6161.76,1695.00,587.00,964.00,1651.00,perfect_posture
8404.34,17988.43,16237.10,6167.24,1645.00,565.00,1051.00,1569.00,perfect_posture
8340.11,18049.77,16670.94,6325.79,1680.00,563.00,1046.00,1535.00,perfect_posture
8365.93,17989.65,16668.45,6267.30,1673.00,528.00,1023.00,1505.00,perfect_posture
8141.06,18177.12,16792.26,6143.41,1535.00,592.00,923.00,1451.00,perfect_posture
8068.58,18061.97,17015.67,6234.08,1595.00,609.00,935.00,1427.00,perfect_posture
8022.51,17668.10,16304.57,6483.64,1585.00,566.00,861.00,1389.00,perfect_posture
7991.06,17911.78,16688.03,6439.95,1648.00,935.00,463.00,971.00,perfect_posture
7870.93,18762.92,17166.10,4411.88,1583.00,503.00,887.00,1422.00,perfect_posture
7562.98,18457.04,18607.28,4448.74,1660.00,286.00,879.00,1446.00,perfect_posture
7103.97,18181.85,17675.23,5428.79,1579.00,557.00,1035.00,1319.00,perfect_posture
8250.60,18586.59,17911.20,4223.50,1601.00,525.00,961.00,1552.00,perfect_posture
8489.33,18908.21,17386.66,4045.19,1874.00,550.00,994.00,1455.00,perfect_posture
8893.29,18930.90,16354.91,3976.84,1782.00,496.00,578.00,1652.00,perfect_posture
9026.87,19327.28,16682.00,3612.77,1855.00,478.00,432.00,1557.00,perfect_posture
8773.00,19535.61,17042.68,3789.03,1841.00,481.00,626.00,1466.00,perfect_posture
5465.69,18501.10,15179.09,3066.26,498.00,0.00,0.00,0.00,slouching
5604.10,17789.36,15115.09,3467.33,1433.00,0.00,0.00,1008.00,slouching
5358.18,18251.76,15341.33,3659.43,1606.00,0.00,0.00,1089.00,slouching
5285.58,18106.93,14947.13,3496.85,1455.00,0.00,0.00,798.00,slouching
5441.75,17974.46,14545.94,3517.57,1408.00,0.00,0.00,880.00,slouching
5495.52,18753.49,16957.03,2782.71,1418.00,0.00,0.00,797.00,slouching
5469.67,18796.78,15045.30,4143.70,1519.00,0.00,0.00,931.00,slouching
9229.21,18069.14,14355.69,4986.34,1409.00,0.00,0.00,826.00,slouching
9024.89,16899.73,16521.16,2787.28,1615.00,0.00,0.00,1322.00,slouching
5174.32,19153.41,16237.84,3115.58,1762.00,0.00,0.00,1514.00,slouching
5624.10,18979.18,16775.95,2733.83,1683.00,0.00,0.00,1424.00,slouching
5399.95,19647.42,14896.15,7424.79,1561.00,0.00,0.00,1331.00,slouching
12122.28,15320.27,15138.44,11215.80,2015.00,0.00,0.00,1198.00,slouching
10398.76,13923.84,14877.63,11566.20,1756.00,0.00,0.00,1531.00,slouching
10702.15,16495.78,14541.34,7684.27,1832.00,0.00,0.00,1587.00,slouching
11303.21,16429.30,14950.24,8363.39,1947.00,0.00,0.00,1707.00,slouching
12027.92,16526.95,12862.66,7592.11,855.00,0.00,0.00,417.00,slouching
11788.62,18224.56,15104.43,-971.83,0.00,0.00,0.00,0.00,slouching
1988.57,21109.91,15170.74,-1000.88,193.00,0.00,0.00,0.00,slouching
7199.26,19820.32,16475.24,6705.83,0.00,0.00,0.00,0.00,slouching
12369.46,18067.27,16338.11,10353.69,0.00,0.00,0.00,0.00,slouching
13644.74,15728.80,12515.04,9782.60,1779.00,0.00,0.00,1220.00,slouching
13150.51,14474.39,13484.36,6078.32,2023.00,0.00,0.00,1690.00,slouching
10713.86,16850.93,13990.91,6445.36,2011.00,0.00,0.00,1691.00,slouching
10907.26,17017.17,13956.39,7091.68,2187.00,0.00,0.00,2069.00,slouching
9838.40,16773.49,14208.04,7125.36,2064.00,0.00,0.00,2160.00,slouching
10211.78,16500.83,13572.03,7032.42,2037.00,0.00,0.00,2175.00,slouching
10352.22,16324.72,14701.01,6848.13,2118.00,0.00,0.00,2069.00,slouching
9790.72,16649.77,14613.65,6609.77,2067.00,0.00,0.00,2093.00,slouching
10137.99,16575.29,14657.86,6671.90,2190.00,0.00,0.00,2089.00,slouching
9808.95,16542.62,15043.02,6750.05,2112.00,0.00,0.00,2069.00,slouching
9944.10,16366.82,14947.51,6544.40,2032.00,0.00,0.00,2031.00,slouching
9769.50,16835.91,15306.06,6083.36,2069.00,0.00,0.00,2058.00,slouching
9527.58,17413.59,15402.21,5558.27,1902.00,0.00,0.00,1762.00,slouching
8380.28,18188.95,14018.46,7268.36,1735.00,0.00,0.00,1727.00,slouching
12810.54,16495.71,15077.53,7262.08,1757.00,0.00,0.00,1636.00,slouching
12203.28,16880.25,15032.22,6845.52,1732.00,0.00,0.00,1603.00,slouching
12063.28,17250.03,16211.09,7072.14,1793.00,0.00,0.00,1424.00,slouching
12251.70,17017.70,15650.73,6947.95,1728.00,0.00,0.00,1331.00,slouching
12153.84,17057.89,15584.43,7067.89,1773.00,0.00,0.00,1377.00,slouching
12257.99,16877.16,15553.30,7010.28,1729.00,0.00,0.00,1324.00,slouching
12332.80,18222.94,16080.50,2587.02,1779.00,0.00,0.00,1003.00,slouching
8857.31,20691.73,14426.44,2545.92,1505.00,0.00,0.00,918.00,slouching
8907.26,20264.36,14793.93,2739.39,1591.00,0.00,0.00,861.00,slouching
8873.22,20661.23,16786.72,2425.09,1617.00,0.00,0.00,667.00,slouching
6662.78,19643.96,16102.19,2669.00,1605.00,0.00,0.00,657.00,slouching
6809.79,19628.00,16745.60,2674.90,1622.00,0.00,0.00,928.00,slouching
6618.83,19189.44,16365.59,2956.50,1575.00,0.00,0.00,869.00,slouching
6725.96,19025.03,16385.73,2978.17,1568.00,0.00,0.00,838.00,slouching
6682.29,18893.53,16352.40,3112.25,1474.00,0.00,0.00,678.00,slouching
6601.19,19127.24,16868.73,1924.87,1378.00,0.00,0.00,253.00,slouching
4529.20,20480.52,14277.36,972.03,1579.00,0.00,0.00,496.00,slouching
4870.35,20525.27,14575.32,951.47,1501.00,0.00,0.00,536.00,slouching
4750.70,20482.86,15098.00,1073.12,1362.00,0.00,10.00,492.00,slouching
4674.37,20215.98,14644.53,1021.91,1407.00,0.00,48.00,547.00,slouching
4588.42,20325.85,15297.69,893.18,1185.00,0.00,164.00,447.00,slouching
4169.05,20207.99,15491.25,1041.01,1071.00,0.00,289.00,394.00,slouching
4409.63,20228.88,15361.42,980.50,1442.00,0.00,128.00,485.00,slouching
4468.53,20377.68,15126.65,950.44,1231.00,0.00,336.00,432.00,slouching
4544.73,20430.55,15212.66,1294.28,885.00,0.00,0.00,0.00,slouching
5270.94,20843.58,16106.47,1274.79,895.00,0.00,0.00,0.00,slouching
5283.40,20626.57,15494.13,898.28,704.00,0.00,0.00,190.00,slouching
4892.81,20463.22,15782.50,936.16,1127.00,0.00,0.00,484.00,slouching
5981.30,19741.52,15533.57,2419.08,778.00,0.00,0.00,177.00,slouching
6139.37,18218.71,16439.47,3143.78,761.00,0.00,0.00,45.00,slouching
6433.45,18660.71,16556.35,2976.40,505.00,0.00,0.00,18.00,slouching
6267.31,18297.21,16838.06,3083.62,533.00,0.00,0.00,65.00,slouching
6460.36,18043.94,16206.83,3225.84,448.00,0.00,0.00,0.00,slouching
6384.11,18475.94,17161.17,2671.93,365.00,0.00,0.00,0.00,slouching
6322.50,18536.00,17193.26,2763.87,391.00,0.00,0.00,0.00,slouching
6383.42,18539.24,17329.08,2836.36,510.00,0.00,0.00,0.00,slouching
6429.51,18365.34,17094.19,2751.57,190.00,0.00,0.00,0.00,slouching
6335.65,18473.11,17224.51,2730.29,282.00,0.00,0.00,0.00,slouching
6376.96,18456.78,17316.33,2666.35,210.00,0.00,0.00,0.00,slouching
6314.48,18616.09,16330.55,6023.06,1314.00,0.00,0.00,426.00,slouching
14911.57,14934.61,13736.26,11883.75,381.00,0.00,0.00,219.00,slouching
13259.82,14863.32,14520.45,5086.99,899.00,0.00,0.00,35.00,slouching
10165.29,18349.94,15781.82,5334.98,793.00,0.00,0.00,85.00,slouching
10190.70,17932.13,15767.23,6699.76,656.00,0.00,0.00,131.00,slouching
11643.85,20176.94,13768.26,4915.23,1472.00,0.00,0.00,1072.00,slouching
10973.10,18311.32,13766.11,5260.80,1323.00,0.00,0.00,733.00,slouching
11232.45,18239.48,14437.42,5286.78,1295.00,0.00,0.00,640.00,slouching
11316.04,18321.87,14755.89,5307.05,1182.00,0.00,0.00,576.00,slouching
11432.90,18132.79,14658.05,4879.45,1006.00,0.00,0.00,239.00,slouching
11146.72,18092.29,14518.12,4739.54,857.00,0.00,0.00,171.00,slouching
10932.29,18432.95,14838.12,4582.91,1403.00,0.00,0.00,0.00,slouching
7065.54,22157.87,17113.78,1035.12,268.00,0.00,0.00,0.00,slouching
6175.07,20336.34,16586.42,1802.17,297.00,0.00,0.00,15.00,slouching
6178.97,20396.55,16569.54,688.59,411.00,0.00,386.00,23.00,slouching
4305.19,20256.20,16361.77,2131.04,0.00,0.00,0.00,0.00,slouching
6185.62,19003.33,17043.43,1878.55,0.00,0.00,0.00,0.00,slouching
5186.29,18460.83,17259.72,2886.96,640.00,23.00,310.00,511.00,slouching
5053.71,18429.08,16612.66,2910.95,182.00,20.00,253.00,0.00,slouching
5309.23,21748.76,16641.11,2279.18,71.00,109.00,500.00,0.00,slouching
5275.02,19455.57,17053.53,2146.83,0.00,138.00,497.00,0.00,slouching
5300.56,23615.23,21959.21,1146.92,0.00,526.00,659.00,0.00,slouching
4657.73,19220.95,18125.57,1557.11,0.00,511.00,703.00,0.00,slouching
4979.27,21137.13,26252.40,-971.07,0.00,0.00,137.00,0.00,slouching
2825.81,22372.54,23862.92,-394.75,0.00,0.00,170.00,0.00,slouching
3830.69,19638.65,24481.49,-965.20,0.00,1100.00,867.00,0.00,slouching
2825.77,18454.54,17927.75,-276.74,0.00,613.00,527.00,0.00,slouching
3322.26,18473.65,17344.45,-145.06,16.00,359.00,158.00,0.00,slouching
15825.89,9779.76,10009.90,13053.05,1858.00,0.00,0.00,2112.00,leaning_back
14554.46,9812.20,9860.89,13011.38,1838.00,0.00,0.00,2158.00,leaning_back
14446.24,9960.94,9917.68,13004.25,1855.00,0.00,0.00,2160.00,leaning_back
14491.01,9695.51,9797.65,12933.60,1847.00,0.00,0.00,2118.00,leaning_back
14493.10,9395.40,9669.84,13332.11,2166.00,0.00,0.00,2009.00,leaning_back
14315.18,9169.51,9671.37,13346.63,2159.00,0.00,0.00,2007.00,leaning_back
14425.24,9600.62,10018.04,13123.25,2112.00,0.00,0.00,2035.00,leaning_back
14377.25,9894.83,10151.35,13035.29,2085.00,0.00,0.00,2023.00,leaning_back
14426.87,9954.87,10389.04,12917.73,2041.00,0.00,0.00,2053.00,leaning_back
14448.49,10112.60,10294.39,12809.60,2032.00,0.00,0.00,2022.00,leaning_back
14532.30,10382.67,10536.51,12962.53,1952.00,0.00,0.00,2033.00,leaning_back
14440.53,10113.94,10069.37,13218.14,2121.00,0.00,0.00,2095.00,leaning_back
14322.65,10116.17,10348.31,12501.69,2255.00,0.00,0.00,2127.00,leaning_back
15029.51,10796.35,10407.78,12961.63,1918.00,0.00,0.00,1961.00,leaning_back
14285.36,9809.22,10054.41,13467.75,2025.00,0.00,0.00,2037.00,leaning_back
14591.19,9980.98,10050.64,13412.78,1985.00,0.00,0.00,2025.00,leaning_back
14629.34,9810.60,9855.21,13445.15,2030.00,0.00,0.00,2073.00,leaning_back
14708.28,9867.54,9691.69,13396.72,2031.00,0.00,0.00,2086.00,leaning_back
14543.13,9818.08,9979.34,13430.92,2002.00,0.00,0.00,2082.00,leaning_back
14646.14,9883.04,10129.59,13879.63,2114.00,0.00,0.00,2225.00,leaning_back
14399.87,10017.93,10144.29,13349.42,1792.00,0.00,0.00,1959.00,leaning_back
15678.22,10666.69,10596.37,12959.00,1877.00,0.00,0.00,1974.00,leaning_back
14410.16,10645.67,10821.60,13036.49,1879.00,0.00,0.00,2022.00,leaning_back
14829.64,11844.92,10928.91,14363.13,1871.00,0.00,0.00,1949.00,leaning_back
12501.62,11986.13,10316.22,14574.24,1872.00,0.00,0.00,1967.00,leaning_back
11960.73,10757.58,10691.72,14570.43,1901.00,0.00,0.00,2007.00,leaning_back
11922.51,10829.40,11130.29,14806.03,1920.00,0.00,0.00,1873.00,leaning_back
11884.85,10709.97,10925.90,14711.18,1909.00,0.00,0.00,1975.00,leaning_back
11933.70,10578.81,10774.81,15058.88,2130.00,0.00,0.00,2112.00,leaning_back
11684.63,10757.71,10820.86,14571.39,1873.00,0.00,0.00,1985.00,leaning_back
11904.92,10787.91,11062.74,14520.23,1842.00,0.00,0.00,1953.00,leaning_back
11822.87,11005.24,11009.34,14453.00,1813.00,0.00,0.00,2007.00,leaning_back
11698.67,12442.97,12904.10,14714.59,2042.00,0.00,0.00,1855.00,leaning_back
16081.28,10610.80,8881.51,15828.54,2161.00,0.00,0.00,1858.00,leaning_back
16175.79,10524.91,9105.89,15689.05,1977.00,0.00,0.00,1835.00,leaning_back
15951.33,10521.18,8905.52,15665.19,2002.00,0.00,0.00,1896.00,leaning_back
16184.76,10456.49,9061.82,15980.76,2069.00,0.00,0.00,1889.00,leaning_back
16018.52,10464.40,9009.69,16077.74,2047.00,0.00,0.00,1902.00,leaning_back
16535.97,10398.21,9163.77,16270.19,1967.00,0.00,0.00,1924.00,leaning_back
16273.72,10148.95,9323.16,16726.42,1950.00,0.00,0.00,1910.00,leaning_back
16447.06,10550.64,8800.19,15628.73,2087.00,0.00,0.00,1951.00,leaning_back
16491.71,10350.38,8510.91,15783.61,2000.00,0.00,0.00,1983.00,leaning_back
16658.30,10357.04,8680.65,15594.72,2137.00,0.00,0.00,1963.00,leaning_back
16606.39,10266.89,8658.91,15576.40,2029.00,0.00,0.00,2044.00,leaning_back
17275.28,10745.56,9181.08,15656.08,2130.00,0.00,0.00,2032.00,leaning_back
16762.74,10300.90,9209.46,15984.08,2043.00,0.00,0.00,2062.00,leaning_back
16346.04,9997.58,9394.77,16396.89,2041.00,0.00,0.00,2090.00,leaning_back
16414.42,9921.39,9019.98,15935.18,2039.00,0.00,0.00,2096.00,leaning_back
16005.52,9969.82,8804.75,15350.43,2062.00,0.00,0.00,2081.00,leaning_back
15886.01,10072.90,8679.17,15156.50,2063.00,0.00,0.00,2098.00,leaning_back
15676.85,10097.40,8734.59,15125.57,2013.00,0.00,0.00,2120.00,leaning_back
15654.84,10092.44,8830.77,15004.83,2067.00,0.00,0.00,2102.00,leaning_back
15578.78,10164.50,8834.81,15073.61,2089.00,0.00,0.00,2134.00,leaning_back
15993.58,10397.59,8947.25,15201.38,2058.00,0.00,0.00,2151.00,leaning_back
15827.47,10229.20,8823.66,15142.27,2099.00,0.00,0.00,2160.00,leaning_back
15829.36,10257.81,8963.71,15866.04,2341.00,0.00,0.00,2185.00,leaning_back
15908.70,10413.16,9151.84,15399.70,2064.00,0.00,0.00,2043.00,leaning_back
15925.83,10372.03,9215.96,15346.52,1969.00,0.00,0.00,1953.00,leaning_back
15951.46,10791.71,9271.63,14974.23,2045.00,0.00,0.00,2062.00,leaning_back
16058.85,10537.96,9468.91,15188.93,2115.00,0.00,0.00,1997.00,leaning_back
15715.18,10498.23,9392.77,14981.68,2125.00,0.00,0.00,1989.00,leaning_back
15642.17,10544.72,9383.80,14883.98,2023.00,0.00,0.00,2015.00,leaning_back
15555.67,10653.20,9207.88,14644.34,2058.00,0.00,0.00,1974.00,leaning_back
15601.54,10619.07,9164.97,14693.44,2082.00,0.00,0.00,1984.00,leaning_back
15591.97,10590.54,9058.50,14839.36,2145.00,0.00,0.00,2009.00,leaning_back
15590.83,10685.66,9346.65,14688.96,2128.00,0.00,0.00,2016.00,leaning_back
15555.72,10667.95,9332.65,14545.09,2103.00,0.00,0.00,2021.00,leaning_back
15548.01,10877.08,9188.35,13873.96,1936.00,0.00,0.00,1949.00,leaning_back
15861.84,11080.57,9290.44,14442.52,2007.00,0.00,0.00,1943.00,leaning_back
15774.30,10987.31,9034.01,14184.88,2043.00,0.00,0.00,1946.00,leaning_back
15786.91,11019.75,8992.70,14273.46,1969.00,0.00,0.00,1963.00,leaning_back
3734.86,10850.47,8950.45,14960.01,2074.00,0.00,0.00,2064.00,leaning_back
16079.00,10533.41,8846.21,15051.24,2079.00,0.00,0.00,2063.00,leaning_back
16146.15,10608.82,8944.31,15015.18,2071.00,0.00,0.00,2096.00,leaning_back
16228.82,10892.73,9034.39,14809.82,2222.00,0.00,0.00,2214.00,leaning_back
16703.49,10474.74,8592.46,15443.84,1078.00,0.00,0.00,2393.00,leaning_back
16729.06,11089.91,8412.39,14253.38,1918.00,0.00,0.00,2239.00,leaning_back
16370.82,10687.82,8707.00,14676.66,1963.00,0.00,0.00,2261.00,leaning_back
16270.91,10671.25,8692.84,14738.31,2000.00,0.00,0.00,2150.00,leaning_back
15991.06,10543.97,8876.94,14715.15,2047.00,0.00,0.00,2141.00,leaning_back
16044.50,10499.10,9322.79,15000.88,2047.00,0.00,0.00,2085.00,leaning_back
16484.11,10771.33,9012.78,15008.17,2089.00,0.00,0.00,2179.00,leaning_back
16501.02,10414.25,8684.33,14958.25,2011.00,0.00,0.00,2138.00,leaning_back
16291.94,10723.70,8833.39,14585.46,2119.00,0.00,0.00,2285.00,leaning_back
16628.15,10463.15,8331.33,14620.85,2192.00,0.00,0.00,2490.00,leaning_back
16863.34,10434.67,9316.00,16677.54,1529.00,0.00,0.00,2367.00,leaning_back
15964.32,11325.09,10107.46,15516.83,1934.00,0.00,0.00,2128.00,leaning_back
15574.50,10963.52,9365.15,14528.29,1936.00,0.00,0.00,2269.00,leaning_back
15583.75,11022.71,9349.37,14601.47,1905.00,0.00,0.00,2272.00,leaning_back
15578.31,11015.06,9322.94,14491.56,1935.00,0.00,0.00,2267.00,leaning_back
15513.90,10969.94,9221.76,14484.59,1936.00,0.00,0.00,2274.00,leaning_back
15411.70,10937.21,9277.74,14517.35,1943.00,0.00,0.00,2285.00,leaning_back
15444.75,10959.87,9227.10,14527.14,1933.00,0.00,0.00,2271.00,leaning_back
15393.22,10870.41,9327.17,14482.57,1963.00,0.00,0.00,2274.00,leaning_back
15373.98,10927.74,9456.89,14536.96,1946.00,0.00,0.00,2258.00,leaning_back
15489.47,10910.23,9332.06,14526.98,1947.00,0.00,0.00,2256.00,leaning_back
15519.52,10930.80,9275.82,14520.37,1963.00,0.00,0.00,2267.00,leaning_back
15469.90,10925.61,9390.04,14544.17,1950.00,0.00,0.00,2253.00,leaning_back
15536.20,10912.95,9334.92,14567.45,1958.00,0.00,0.00,2243.00,leaning_back
2933.80,12715.21,18291.72,4637.48,0.00,0.00,0.00,0.00,leaning_forward
2966.85,16349.68,19139.65,4970.87,0.00,0.00,0.00,0.00,leaning_forward
3405.17,14363.83,16708.59,4221.80,0.00,0.00,0.00,0.00,leaning_forward
3371.90,13900.04,18998.66,4842.69,0.00,0.00,0.00,0.00,leaning_forward
3362.20,13495.72,17529.35,4346.48,0.00,0.00,0.00,0.00,leaning_forward
3447.63,14994.32,17693.71,2809.65,0.00,0.00,0.00,0.00,leaning_forward
2264.91,14517.50,17158.06,2746.08,0.00,0.00,0.00,0.00,leaning_forward
2437.96,14333.51,17175.51,2574.87,0.00,0.00,0.00,0.00,leaning_forward
2454.93,14286.06,17214.28,2516.91,0.00,0.00,0.00,0.00,leaning_forward
2400.37,14228.49,17283.05,2396.39,0.00,0.00,0.00,0.00,leaning_forward
2153.98,14035.30,17688.92,2655.72,0.00,0.00,0.00,0.00,leaning_forward
2176.35,14098.10,17835.68,2782.38,0.00,0.00,0.00,0.00,leaning_forward
2127.56,14037.16,17807.38,2820.64,0.00,0.00,0.00,0.00,leaning_forward
2099.19,14071.80,17570.89,2564.61,0.00,0.00,0.00,0.00,leaning_forward
2389.86,14128.20,17622.07,2523.45,0.00,0.00,0.00,0.00,leaning_forward
1971.05,14091.48,17598.24,2519.03,0.00,0.00,0.00,0.00,leaning_forward
1907.86,14065.36,17630.71,2505.49,0.00,0.00,0.00,0.00,leaning_forward
1972.53,14009.52,17613.78,2535.83,0.00,0.00,0.00,0.00,leaning_forward
1932.10,14017.43,17725.84,2520.21,0.00,0.00,0.00,0.00,leaning_forward
1945.32,13919.59,17797.78,2652.70,0.00,0.00,0.00,0.00,leaning_forward
1936.26,13879.85,17752.43,2590.27,0.00,0.00,0.00,0.00,leaning_forward
2159.57,14103.08,17856.61,2593.36,0.00,0.00,0.00,0.00,leaning_forward
2135.21,14155.75,17780.08,2607.52,0.00,0.00,0.00,0.00,leaning_forward
2022.34,14061.41,17810.51,2557.87,0.00,0.00,0.00,0.00,leaning_forward
1983.90,13938.77,17914.36,2632.69,0.00,0.00,0.00,0.00,leaning_forward
2008.75,13947.04,21081.96,17185.76,0.00,0.00,0.00,0.00,leaning_forward
14884.96,10904.70,12198.35,15856.73,0.00,0.00,0.00,0.00,leaning_forward
13254.61,11840.51,12038.24,14758.84,0.00,0.00,0.00,0.00,leaning_forward
13072.50,11623.40,13130.71,15025.60,0.00,0.00,0.00,0.00,leaning_forward
12569.79,11759.63,12866.20,14684.48,0.00,0.00,0.00,0.00,leaning_forward
11979.07,11806.92,13124.62,14206.39,0.00,0.00,0.00,0.00,leaning_forward
12337.46,11899.95,12936.42,14125.04,0.00,0.00,0.00,0.00,leaning_forward
11720.56,11912.19,12792.46,13827.20,0.00,0.00,0.00,0.00,leaning_forward
12152.88,12117.56,12970.57,13711.33,0.00,0.00,0.00,0.00,leaning_forward
12126.54,12363.91,17222.54,10858.17,0.00,0.00,0.00,0.00,leaning_forward
8657.05,14168.27,17035.18,10539.53,0.00,0.00,0.00,0.00,leaning_forward
8845.65,14033.99,17164.92,10600.36,0.00,0.00,0.00,0.00,leaning_forward
8963.07,14003.24,17252.07,10671.92,0.00,0.00,0.00,0.00,leaning_forward
9089.11,13978.07,17515.16,10633.97,0.00,0.00,0.00,0.00,leaning_forward
8912.58,14003.55,17531.71,10503.54,0.00,0.00,0.00,0.00,leaning_forward
8868.96,14065.22,17684.40,10086.66,0.00,0.00,0.00,0.00,leaning_forward
9065.11,16131.40,19964.57,9248.41,0.00,0.00,0.00,0.00,leaning_forward
6623.88,16240.49,20260.48,8595.97,0.00,0.00,0.00,0.00,leaning_forward
6896.96,16652.66,22843.21,7553.85,0.00,0.00,0.00,0.00,leaning_forward
6448.31,17508.41,24208.02,8336.53,0.00,0.00,0.00,0.00,leaning_forward
8078.74,13539.83,17147.79,10774.96,0.00,0.00,0.00,0.00,leaning_forward
9658.99,13347.18,16641.82,10727.35,0.00,0.00,0.00,0.00,leaning_forward
9962.44,13390.35,16897.01,10632.50,0.00,0.00,0.00,0.00,leaning_forward
10101.92,13712.23,16595.06,10458.43,0.00,0.00,0.00,0.00,leaning_forward
10204.36,13753.00,16639.81,10418.73,0.00,0.00,0.00,0.00,leaning_forward
10225.60,13828.20,16635.43,10394.99,0.00,0.00,0.00,0.00,leaning_forward
10147.78,14238.75,16924.31,9211.35,0.00,0.00,0.00,0.00,leaning_forward
6484.97,15818.42,19894.24,8250.24,0.00,0.00,0.00,0.00,leaning_forward
6318.07,15721.80,20001.85,8432.95,0.00,0.00,0.00,0.00,leaning_forward
6119.54,15429.36,20158.68,8402.58,0.00,0.00,0.00,0.00,leaning_forward
5909.83,15415.12,20367.75,8324.41,0.00,0.00,0.00,0.00,leaning_forward
6011.87,15520.23,20242.98,8377.97,0.00,0.00,0.00,0.00,leaning_forward
6060.97,15351.70,20291.71,8509.69,0.00,0.00,0.00,0.00,leaning_forward
5977.85,15298.75,20409.89,8404.68,0.00,0.00,0.00,0.00,leaning_forward
5949.76,15230.28,20664.46,8360.17,0.00,0.00,0.00,0.00,leaning_forward
5826.73,15377.31,20518.99,8181.61,0.00,0.00,0.00,0.00,leaning_forward
5834.75,15408.39,20630.60,8202.80,0.00,0.00,0.00,0.00,leaning_forward
6007.09,15615.49,20618.01,7813.87,0.00,0.00,0.00,0.00,leaning_forward
5846.14,16135.08,20380.21,7836.96,0.00,0.00,0.00,0.00,leaning_forward
5762.37,15679.69,20448.75,7965.08,0.00,0.00,0.00,0.00,leaning_forward
5804.34,15785.65,20715.21,7869.21,0.00,0.00,0.00,0.00,leaning_forward
5652.03,15768.11,20690.55,7914.95,0.00,0.00,0.00,0.00,leaning_forward
5688.52,15717.06,20902.13,7955.60,0.00,0.00,0.00,0.00,leaning_forward
5468.17,15454.93,21109.37,8137.60,0.00,0.00,0.00,0.00,leaning_forward
5371.83,15227.91,21319.82,8044.07,0.00,0.00,0.00,0.00,leaning_forward
5261.95,15171.41,21272.96,8095.57,0.00,0.00,0.00,0.00,leaning_forward
5328.50,15361.39,21186.62,7976.37,0.00,0.00,0.00,0.00,leaning_forward
5358.40,15225.90,21163.69,8077.30,0.00,0.00,0.00,0.00,leaning_forward
5653.72,14836.14,18465.97,12823.75,0.00,0.00,0.00,0.00,leaning_forward
10653.12,13860.00,18507.01,13749.52,0.00,0.00,0.00,0.00,leaning_forward
10552.91,15180.04,17416.54,13039.22,0.00,0.00,0.00,0.00,leaning_forward
9883.72,15749.39,23345.24,6245.12,0.00,119.00,0.00,0.00,leaning_forward
1506.29,17536.68,22620.84,5768.96,0.00,91.00,0.00,0.00,leaning_forward
5408.36,17458.51,20785.27,7656.27,0.00,0.00,0.00,0.00,leaning_forward
6663.89,14669.76,18139.44,7570.26,0.00,0.00,0.00,0.00,leaning_forward
5903.70,14254.26,18205.60,7327.70,0.00,0.00,0.00,0.00,leaning_forward
5922.61,14519.84,18160.89,7430.56,0.00,0.00,0.00,0.00,leaning_forward
5859.55,14602.68,18219.56,7462.20,0.00,0.00,0.00,0.00,leaning_forward
5860.47,14682.10,18377.42,7469.42,0.00,0.00,0.00,0.00,leaning_forward
5803.74,14510.33,20185.33,4858.87,0.00,0.00,0.00,0.00,leaning_forward
5671.53,14464.10,18933.73,7745.20,0.00,0.00,0.00,0.00,leaning_forward
5749.33,13881.43,18497.37,7883.63,0.00,0.00,0.00,0.00,leaning_forward
5387.69,13967.84,18418.17,7773.79,0.00,0.00,0.00,0.00,leaning_forward
5369.33,14121.31,18447.39,7638.67,0.00,0.00,0.00,0.00,leaning_forward
5184.32,13946.88,18733.01,7432.24,0.00,0.00,0.00,0.00,leaning_forward
5231.12,14381.96,18618.55,7541.01,0.00,0.00,0.00,0.00,leaning_forward
5013.99,14236.38,18480.00,7641.36,0.00,0.00,0.00,0.00,leaning_forward
5043.28,14279.89,18455.68,7707.33,0.00,0.00,0.00,0.00,leaning_forward
5057.99,14289.44,18519.91,7684.34,0.00,0.00,0.00,0.00,leaning_forward
4992.28,14386.27,18566.39,7755.54,0.00,0.00,0.00,0.00,leaning_forward
4972.06,14376.10,18468.96,7710.43,0.00,0.00,0.00,0.00,leaning_forward
4924.30,14411.70,18251.46,7517.37,0.00,0.00,0.00,0.00,leaning_forward
5015.48,14317.96,18320.75,7655.00,0.00,0.00,0.00,0.00,leaning_forward
4899.08,14295.20,18336.25,7558.11,0.00,0.00,0.00,0.00,leaning_forward
4966.17,14701.59,18058.45,7297.23,0.00,0.00,0.00,0.00,leaning_forward
4842.44,14408.33,18659.02,7442.66,0.00,0.00,0.00,0.00,leaning_forward
5258.33,15162.24,17835.31,7431.35,0.00,0.00,0.00,0.00,leaning_forward
5120.48,15061.77,17886.48,7230.59,0.00,0.00,0.00,0.00,leaning_forward
1081.14,5036.10,23412.25,17545.72,0.00,0.00,0.00,1281.00,leaning_left
3475.24,5045.12,17917.43,19677.88,0.00,0.00,0.00,1762.00,leaning_left
3250.94,5469.52,18027.37,19653.96,0.00,0.00,0.00,1869.00,leaning_left
3364.80,5457.76,18870.43,19552.37,0.00,0.00,0.00,1857.00,leaning_left
2583.02,4893.21,19109.49,19744.51,0.00,0.00,0.00,1984.00,leaning_left
2577.31,4751.47,18108.18,19621.39,0.00,0.00,0.00,2102.00,leaning_left
2460.58,4695.84,18295.24,19470.35,0.00,0.00,0.00,2098.00,leaning_left
2353.74,5179.73,20026.26,18929.07,0.00,0.00,0.00,1858.00,leaning_left
2013.87,5497.73,21706.96,18933.75,0.00,0.00,0.00,1898.00,leaning_left
2280.65,5531.74,19491.77,18892.06,0.00,0.00,0.00,1815.00,leaning_left
2330.25,5644.37,20621.35,18679.86,0.00,0.00,0.00,1775.00,leaning_left
2369.35,5619.54,20170.42,18736.49,0.00,0.00,0.00,1865.00,leaning_left
2507.47,5569.45,19904.65,18956.03,0.00,0.00,0.00,2020.00,leaning_left
3011.51,6357.71,19246.48,18830.32,0.00,0.00,0.00,1767.00,leaning_left
2555.99,6240.89,19094.80,18772.55,0.00,0.00,0.00,1843.00,leaning_left
2683.18,6404.21,18332.79,18803.88,0.00,0.00,0.00,1892.00,leaning_left
2850.97,6314.45,18367.30,18762.85,0.00,0.00,0.00,1903.00,leaning_left
2767.39,6405.86,18807.39,18585.72,0.00,0.00,0.00,1895.00,leaning_left
2807.41,6391.06,18443.50,18358.82,0.00,0.00,0.00,1963.00,leaning_left
2535.53,6905.89,18637.89,18328.93,0.00,0.00,0.00,1904.00,leaning_left
2381.61,6658.45,18583.12,18257.34,0.00,0.00,0.00,2019.00,leaning_left
2548.72,6751.54,18545.72,18093.32,0.00,0.00,0.00,1776.00,leaning_left
2266.17,7705.09,19067.63,18254.42,0.00,0.00,0.00,1895.00,leaning_left
2998.10,7148.31,17879.56,18217.42,0.00,0.00,0.00,2054.00,leaning_left
2837.63,7121.66,18916.69,17631.93,0.00,0.00,0.00,1713.00,leaning_left
2675.44,7851.89,18094.91,17981.07,0.00,0.00,0.00,1841.00,leaning_left
2573.59,6493.75,16059.49,18427.69,0.00,0.00,0.00,1989.00,leaning_left
3205.04,6986.27,17418.87,18171.13,0.00,0.00,0.00,1835.00,leaning_left
3233.95,6678.18,16848.72,18389.93,0.00,0.00,0.00,1951.00,leaning_left
3274.39,6654.26,16733.07,18371.09,0.00,0.00,0.00,1999.00,leaning_left
3262.89,6761.32,16479.70,18374.36,0.00,0.00,0.00,2035.00,leaning_left
3279.48,6682.47,16142.72,18433.21,0.00,0.00,0.00,2023.00,leaning_left
3361.77,6698.30,16366.60,18246.27,0.00,0.00,0.00,2000.00,leaning_left
3200.95,6792.53,16784.61,17797.70,0.00,0.00,0.00,1774.00,leaning_left
2413.65,7300.17,18996.88,17925.04,0.00,0.00,0.00,1965.00,leaning_left
2712.27,6914.10,17551.13,17849.29,0.00,0.00,0.00,1878.00,leaning_left
2814.79,6942.19,17593.00,17836.68,0.00,0.00,0.00,1900.00,leaning_left
2808.03,7003.12,17624.42,17828.12,0.00,0.00,0.00,1901.00,leaning_left
2843.50,6809.42,17419.27,17943.52,0.00,0.00,0.00,1926.00,leaning_left
3001.70,6860.92,16583.28,17942.31,0.00,0.00,0.00,1940.00,leaning_left
3017.89,6861.36,16650.88,17933.10,0.00,0.00,0.00,1994.00,leaning_left
2919.35,6933.51,16779.04,17972.83,0.00,0.00,0.00,2032.00,leaning_left
2947.78,6895.26,16739.36,17982.91,0.00,0.00,0.00,2032.00,leaning_left
2986.09,6952.10,16697.51,17993.62,0.00,0.00,0.00,1962.00,leaning_left
2708.31,6618.88,18275.82,17988.62,0.00,0.00,0.00,1885.00,leaning_left
3090.67,6814.82,17228.67,18037.37,0.00,0.00,0.00,1831.00,leaning_left
3135.83,6390.71,17084.62,18153.04,0.00,0.00,0.00,1911.00,leaning_left
3067.34,6464.86,17154.84,18123.28,0.00,0.00,0.00,1968.00,leaning_left
3181.17,6654.38,16934.62,18047.40,0.00,0.00,0.00,1921.00,leaning_left
3084.50,6675.27,16965.38,18041.38,0.00,0.00,0.00,1949.00,leaning_left
3106.10,6703.70,16804.71,18020.04,0.00,0.00,0.00,1971.00,leaning_left
3096.55,6748.03,17125.13,17736.67,0.00,0.00,0.00,1856.00,leaning_left
2841.41,6765.06,17734.98,17771.05,0.00,0.00,0.00,1914.00,leaning_left
2915.30,7188.57,17129.20,17899.95,0.00,0.00,0.00,1882.00,leaning_left
2992.67,7444.27,16965.59,17706.76,0.00,0.00,0.00,1861.00,leaning_left
3068.33,7340.51,17063.09,17686.71,0.00,0.00,0.00,1806.00,leaning_left
3024.90,7385.61,16967.27,17654.98,0.00,0.00,0.00,1859.00,leaning_left
3033.49,7360.51,17039.49,17701.39,0.00,0.00,0.00,1768.00,leaning_left
3104.01,7774.61,17233.42,17542.21,0.00,0.00,0.00,1862.00,leaning_left
1345.82,6753.89,22731.79,16992.15,0.00,0.00,0.00,613.00,leaning_left
1290.87,6842.25,22898.44,16780.21,0.00,0.00,0.00,460.00,leaning_left
3210.77,7836.13,16913.37,17642.25,0.00,0.00,0.00,1905.00,leaning_left
3155.71,7238.12,16987.29,17753.08,0.00,0.00,0.00,1916.00,leaning_left
3078.30,7352.16,17167.16,17638.71,0.00,0.00,0.00,1957.00,leaning_left
3016.53,7451.12,17092.20,17632.62,0.00,0.00,0.00,1943.00,leaning_left
3054.35,7442.36,17042.00,17706.09,0.00,0.00,0.00,1941.00,leaning_left
2871.94,7852.37,16974.45,17648.89,0.00,0.00,0.00,1962.00,leaning_left
3371.75,7313.36,16499.45,17544.28,0.00,0.00,0.00,1853.00,leaning_left
2792.26,7017.79,16966.23,17161.55,0.00,0.00,0.00,1393.00,leaning_left
2571.27,8834.13,18468.66,17173.21,0.00,0.00,0.00,1614.00,leaning_left
2603.93,8707.69,19169.69,17105.27,0.00,0.00,0.00,1570.00,leaning_left
2189.08,8153.86,19416.21,17013.53,0.00,0.00,0.00,1601.00,leaning_left
1934.41,8184.57,19631.23,17049.06,0.00,0.00,0.00,1645.00,leaning_left
2036.20,8165.96,19785.67,17018.45,0.00,0.00,0.00,1463.00,leaning_left
2040.48,8359.90,18851.43,17278.70,0.00,0.00,0.00,1667.00,leaning_left
2553.77,8161.19,18830.17,17295.33,0.00,0.00,0.00,1669.00,leaning_left
2602.56,8335.25,20063.34,15828.07,0.00,0.00,0.00,1490.00,leaning_left
1722.13,8778.26,21002.03,16263.27,0.00,0.00,0.00,1303.00,leaning_left
1669.38,8780.76,20603.62,16233.86,0.00,0.00,0.00,1264.00,leaning_left
1703.32,8807.07,20659.51,16197.61,0.00,0.00,0.00,1355.00,leaning_left
1662.76,9232.12,21055.56,16121.03,0.00,0.00,0.00,1220.00,leaning_left
1709.05,9123.22,20683.29,16136.27,0.00,0.00,0.00,1325.00,leaning_left
1720.11,9034.96,20297.54,16134.43,0.00,0.00,0.00,1303.00,leaning_left
1791.15,8986.65,21073.46,16180.49,0.00,0.00,0.00,1479.00,leaning_left
1788.33,8918.95,20467.44,16028.63,0.00,0.00,0.00,1579.00,leaning_left
2635.50,8449.31,20519.44,16660.80,0.00,0.00,0.00,1488.00,leaning_left
2143.59,8436.26,20200.58,16522.15,0.00,0.00,0.00,1296.00,leaning_left
2063.55,8345.40,20526.16,16457.58,0.00,0.00,0.00,1235.00,leaning_left
1915.83,8123.42,21162.24,16450.96,0.00,0.00,0.00,999.00,leaning_left
2001.20,8378.79,21095.98,16468.77,0.00,0.00,0.00,1150.00,leaning_left
2142.87,8503.52,21000.88,16401.81,0.00,0.00,0.00,925.00,leaning_left
2328.57,8571.11,20419.56,16455.23,0.00,0.00,0.00,982.00,leaning_left
2368.32,8323.53,20714.95,16363.23,0.00,0.00,0.00,1008.00,leaning_left
2348.69,8657.65,20723.47,16294.23,0.00,0.00,0.00,1089.00,leaning_left
2321.26,8566.48,20292.33,16381.39,0.00,0.00,0.00,702.00,leaning_left
702.00,6900.08,24650.58,16914.13,0.00,0.00,0.00,738.00,leaning_left
6933.72,26639.76,264.58,-1023.92,2007.00,0.00,0.00,0.00,leaning_right
12099.20,25906.11,615.53,-1018.72,2069.00,135.00,0.00,0.00,leaning_right
14495.70,23983.28,2653.21,-985.81,62.00,733.00,0.00,0.00,leaning_right
3720.43,23342.05,4868.17,1963.55,2288.00,143.00,0.00,0.00,leaning_right
16496.48,22035.58,5883.43,1156.77,2335.00,69.00,0.00,0.00,leaning_right
16153.03,20921.04,4808.96,1820.06,2354.00,39.00,0.00,0.00,leaning_right
15715.09,20331.89,5520.04,1837.09,2320.00,112.00,0.00,0.00,leaning_right
14253.61,20795.13,5394.92,1788.38,2161.00,363.00,0.00,0.00,leaning_right
13184.38,20468.90,6252.65,2002.53,2270.00,2.00,0.00,0.00,leaning_right
13235.21,20071.38,7903.10,1671.22,2254.00,254.00,0.00,0.00,leaning_right
11733.24,21991.53,9677.97,705.09,2112.00,394.00,0.00,0.00,leaning_right
10561.81,21534.80,9829.50,1144.51,2094.00,278.00,0.00,0.00,leaning_right
10307.28,23283.41,7249.67,1391.60,2098.00,368.00,0.00,0.00,leaning_right
14072.28,22130.41,9156.54,2384.08,1933.00,198.00,0.00,0.00,leaning_right
9835.54,22762.66,9845.96,121.76,2007.00,476.00,0.00,0.00,leaning_right
12618.05,23713.86,7232.95,1233.03,2356.00,428.00,0.00,0.00,leaning_right
11391.25,21873.74,7055.08,1977.34,2221.00,0.00,0.00,0.00,leaning_right
12667.40,21323.00,7295.45,2353.35,2224.00,141.00,0.00,0.00,leaning_right
12907.49,21611.45,6746.74,2434.24,2326.00,0.00,0.00,0.00,leaning_right
12512.37,21111.05,7380.88,2152.33,2324.00,0.00,0.00,0.00,leaning_right
12158.06,21685.83,8874.11,1936.02,2351.00,240.00,0.00,0.00,leaning_right
11179.44,22939.08,7767.63,1947.12,2429.00,334.00,0.00,0.00,leaning_right
12077.62,21595.15,8190.05,2185.50,2469.00,426.00,0.00,0.00,leaning_right
12217.14,22166.85,6610.51,1888.13,2317.00,326.00,0.00,0.00,leaning_right
12774.86,21687.50,7458.09,2053.79,2262.00,314.00,0.00,0.00,leaning_right
11764.45,22211.36,8345.71,1679.85,2181.00,304.00,0.00,0.00,leaning_right
12139.72,20659.47,7861.49,2243.72,2285.00,64.00,0.00,0.00,leaning_right
12609.16,20691.21,8299.44,2046.50,2245.00,149.00,0.00,0.00,leaning_right
12470.54,20971.86,8642.41,2080.39,2192.00,215.00,0.00,0.00,leaning_right
12370.60,21530.58,9183.08,1901.26,2261.00,346.00,0.00,0.00,leaning_right
11855.15,21417.45,9211.51,2054.72,2314.00,337.00,0.00,0.00,leaning_right
11598.00,21506.88,9996.84,1999.04,2164.00,170.00,0.00,0.00,leaning_right
11276.19,20922.50,9174.97,2253.81,2287.00,18.00,0.00,0.00,leaning_right
11091.20,20520.80,9992.58,2129.12,2245.00,0.00,0.00,0.00,leaning_right
11943.33,20078.70,9059.25,2777.41,2230.00,11.00,0.00,0.00,leaning_right
11679.75,19851.22,9194.16,2743.49,2256.00,156.00,0.00,0.00,leaning_right
11555.58,19940.24,9262.37,2903.76,2225.00,33.00,0.00,0.00,leaning_right
11380.84,20052.71,9342.35,2648.29,2207.00,48.00,0.00,0.00,leaning_right
11322.80,20025.11,9855.24,2973.43,2279.00,17.00,0.00,0.00,leaning_right
11399.22,19527.97,9864.53,2910.45,2325.00,0.00,0.00,56.00,leaning_right
11021.42,20281.22,9758.99,2748.21,2288.00,0.00,0.00,1.00,leaning_right
10958.54,19781.69,10241.80,2885.10,2363.00,64.00,0.00,81.00,leaning_right
10869.42,20169.17,10780.13,2971.89,2189.00,40.00,0.00,1.00,leaning_right
10948.66,20372.24,10700.39,2934.52,2146.00,208.00,0.00,0.00,leaning_right
11183.71,19870.98,10008.94,2783.88,2133.00,189.00,0.00,0.00,leaning_right
10959.43,20161.64,10207.91,2713.98,2161.00,129.00,0.00,0.00,leaning_right
10887.29,20121.02,10402.80,2788.64,2164.00,109.00,0.00,0.00,leaning_right
10688.58,20240.43,10251.57,2724.05,2154.00,186.00,0.00,0.00,leaning_right
10954.25,20403.40,9980.13,2554.16,2337.00,0.00,0.00,0.00,leaning_right
10912.17,22206.34,9074.50,1663.21,1983.00,208.00,0.00,0.00,leaning_right
10705.06,19600.39,8826.25,2442.32,2069.00,322.00,0.00,0.00,leaning_right
12534.78,19462.01,8365.69,2480.01,2107.00,87.00,0.00,0.00,leaning_right
12000.54,19689.30,8407.96,2520.82,2166.00,300.00,0.00,0.00,leaning_right
11700.25,20273.18,9571.91,2338.97,2083.00,176.00,0.00,0.00,leaning_right
11673.38,20394.07,9003.03,2196.08,2101.00,145.00,0.00,0.00,leaning_right
11725.26,20704.08,9225.38,2382.46,2077.00,167.00,0.00,0.00,leaning_right
11787.40,20880.68,9330.00,2347.39,2060.00,204.00,0.00,0.00,leaning_right
11613.45,20709.32,9794.98,2504.79,2069.00,100.00,0.00,0.00,leaning_right
11451.96,20816.84,9778.38,2710.97,2143.00,211.00,0.00,0.00,leaning_right
11624.46,21526.58,10140.67,2227.01,2206.00,305.00,0.00,0.00,leaning_right
11314.55,21589.45,10252.07,2318.17,1940.00,381.00,0.00,0.00,leaning_right
11422.01,21321.75,10355.13,2249.98,2069.00,326.00,0.00,0.00,leaning_right
11460.50,22051.18,10158.91,1974.21,1984.00,323.00,0.00,0.00,leaning_right
11044.60,22419.96,10332.07,2250.33,2123.00,322.00,0.00,0.00,leaning_right
11117.47,21932.71,10225.59,2431.58,2007.00,256.00,0.00,0.00,leaning_right
11343.28,21370.14,10089.61,2475.18,2063.00,203.00,0.00,0.00,leaning_right
11295.19,21020.74,10135.36,2597.05,2205.00,150.00,0.00,0.00,leaning_right
11353.80,21075.13,10312.24,2678.16,2046.00,245.00,0.00,0.00,leaning_right
11150.91,21311.89,10822.28,2701.20,2035.00,147.00,0.00,0.00,leaning_right
10825.27,21322.47,11073.46,2738.81,2077.00,118.00,0.00,0.00,leaning_right
11202.29,20928.04,10758.81,2822.80,2151.00,114.00,0.00,0.00,leaning_right
10893.24,21439.98,10657.59,2792.17,2106.00,19.00,0.00,0.00,leaning_right
11255.86,21016.25,9991.78,1285.51,1985.00,224.00,0.00,0.00,leaning_right
11074.20,24777.17,9752.51,1006.09,2099.00,101.00,0.00,0.00,leaning_right
11729.81,24166.00,8119.10,1247.16,1936.00,370.00,0.00,0.00,leaning_right
13309.44,23829.39,6448.77,1705.42,1981.00,511.00,0.00,0.00,leaning_right
16184.74,21938.98,6022.40,1708.42,2187.00,98.00,0.00,0.00,leaning_right
15082.42,21398.47,6496.25,2528.93,2171.00,301.00,0.00,0.00,leaning_right
17099.92,21338.69,3552.17,2517.26,2267.00,0.00,0.00,0.00,leaning_right
17373.41,23468.13,4110.04,2013.02,2183.00,91.00,0.00,0.00,leaning_right
17332.92,24510.79,4880.93,2111.56,2066.00,320.00,0.00,0.00,leaning_right
17360.19,24788.06,5189.09,1930.19,1965.00,522.00,0.00,0.00,leaning_right
17247.12,25937.27,6727.47,-455.27,1772.00,705.00,0.00,0.00,leaning_right
12457.35,24934.26,6370.71,516.50,2064.00,624.00,0.00,0.00,leaning_right
12370.30,24575.12,6848.67,454.76,2107.00,585.00,0.00,0.00,leaning_right
11651.79,24632.72,7080.69,462.41,2099.00,555.00,0.00,0.00,leaning_right
11583.11,24610.91,7034.72,287.97,2081.00,706.00,0.00,0.00,leaning_right
10587.50,24853.30,8415.83,-405.06,1925.00,720.00,0.00,0.00,leaning_right
9974.82,25625.09,8612.29,-437.00,1949.00,615.00,0.00,0.00,leaning_right
9888.54,25147.07,7736.20,-105.37,2013.00,608.00,0.00,0.00,leaning_right
10077.80,24860.72,8563.42,-391.00,2118.00,720.00,0.00,0.00,leaning_right
9457.40,25222.01,9029.05,-416.19,2013.00,641.00,0.00,0.00,leaning_right
9578.56,25701.33,8564.90,-517.57,2169.00,709.00,0.00,0.00,leaning_right
9551.18,25864.95,8720.17,-702.00,2042.00,690.00,0.00,0.00,leaning_right
9963.30,26728.25,8458.27,-993.25,2043.00,608.00,0.00,0.00,leaning_right
9301.66,24170.59,13232.23,1380.17,2240.00,342.00,0.00,112.00,leaning_right
6372.13,23112.45,12473.78,532.05,2085.00,346.00,0.00,90.00,leaning_right
6763.01,24303.19,16130.64,1959.17,1735.00,311.00,0.00,0.00,leaning_right
6490.71,23307.30,14667.34,2408.91,1703.00,368.00,0.00,0.00,leaning_right
6539.93,23041.73,15449.25,2629.06,1835.00,387.00,0.00,0.00,leaning_right
7698.01,23614.88,14999.72,4028.41,1699.00,372.00,0.00,0.00,leaning_right
6969.10,22611.09,14960.38,3702.04,1511.00,325.00,0.00,0.00,leaning_right
7313.58,23495.07,14562.59,3853.42,1594.00,336.00,0.00,0.00,leaning_right
7436.83,22867.93,14717.16,3950.01,1519.00,357.00,0.00,0.00,leaning_right
7440.94,23153.83,14831.24,3416.16,1535.00,432.00,0.00,0.00,leaning_right
7543.34,23639.57,14837.66,3385.07,1408.00,464.00,0.00,0.00,leaning_right
7656.20,22834.61,14665.06,3786.12,1527.00,387.00,0.00,0.00,leaning_right
7641.09,23190.00,14737.45,3853.72,1554.00,384.00,0.00,0.00,leaning_right
7557.61,22840.96,14713.14,3942.89,1535.00,371.00,0.00,0.00,leaning_right
281.24,302.29,219.18,147.90,0.00,0.00,0.00,0.00,no_contact
293.50,285.76,212.23,131.09,0.00,0.00,0.00,0.00,no_contact
293.61,278.15,204.39,133.43,0.00,0.00,0.00,0.00,no_contact
297.73,272.36,196.58,121.41,0.00,0.00,0.00,0.00,no_contact
282.42,270.86,193.57,116.83,0.00,0.00,0.00,0.00,no_contact
249.89,300.10,198.78,122.40,0.00,0.00,0.00,0.00,no_contact
293.25,288.68,196.36,141.34,0.00,0.00,0.00,0.00,no_contact
317.17,279.25,193.00,136.78,0.00,0.00,0.00,0.00,no_contact
310.92,281.61,187.68,114.31,0.00,0.00,0.00,0.00,no_contact
299.57,281.65,184.84,134.82,0.00,0.00,0.00,0.00,no_contact
290.81,279.88,182.65,128.84,0.00,0.00,0.00,0.00,no_contact
295.64,282.77,180.70,131.63,0.00,0.00,0.00,0.00,no_contact
260.97,281.52,178.71,121.87,0.00,0.00,0.00,0.00,no_contact
297.86,280.63,179.56,145.93,0.00,0.00,0.00,0.00,no_contact
335.65,279.49,179.73,150.61,0.00,0.00,0.00,0.00,no_contact
272.96,269.97,166.30,121.81,0.00,0.00,0.00,0.00,no_contact
276.77,269.50,165.23,117.75,0.00,0.00,0.00,0.00,no_contact
324.66,271.61,169.27,127.64,0.00,0.00,0.00,0.00,no_contact
336.38,264.28,170.17,143.43,0.00,0.00,0.00,0.00,no_contact
366.38,263.93,173.49,148.37,0.00,0.00,0.00,0.00,no_contact
346.10,260.49,175.51,126.93,0.00,0.00,0.00,0.00,no_contact
288.43,282.13,173.86,112.53,0.00,0.00,0.00,0.00,no_contact
343.42,260.79,173.31,122.25,0.00,0.00,0.00,0.00,no_contact
359.06,261.74,174.94,130.36,0.00,0.00,0.00,0.00,no_contact
346.47,260.92,173.57,145.25,0.00,0.00,0.00,0.00,no_contact
334.83,257.19,167.28,123.22,0.00,0.00,0.00,0.00,no_contact
352.12,255.73,165.74,136.25,0.00,0.00,0.00,0.00,no_contact
361.45,254.47,163.33,122.06,0.00,0.00,0.00,0.00,no_contact
345.45,258.15,161.61,136.61,0.00,0.00,0.00,0.00,no_contact
370.06,255.13,162.59,134.77,0.00,0.00,0.00,0.00,no_contact
382.67,249.82,164.19,136.37,0.00,0.00,0.00,0.00,no_contact
365.51,247.61,164.85,130.52,0.00,0.00,0.00,0.00,no_contact
368.59,251.87,164.02,123.99,0.00,0.00,0.00,0.00,no_contact
353.92,253.35,165.67,132.58,0.00,0.00,0.00,0.00,no_contact
356.72,252.43,164.18,126.91,0.00,0.00,0.00,0.00,no_contact
257.58,280.97,197.85,162.79,0.00,0.00,0.00,0.00,no_contact
290.05,272.99,191.11,148.31,0.00,0.00,0.00,0.00,no_contact
269.15,263.99,186.65,115.72,0.00,0.00,0.00,0.00,no_contact
273.24,260.50,187.07,105.80,0.00,0.00,0.00,0.00,no_contact
250.00,260.30,191.49,116.12,0.00,0.00,0.00,0.00,no_contact
239.88,264.55,189.22,127.60,0.00,0.00,0.00,0.00,no_contact
248.25,257.50,189.61,131.02,0.00,0.00,0.00,0.00,no_contact
264.72,252.81,186.89,142.06,0.00,0.00,0.00,0.00,no_contact
286.29,245.67,186.26,165.27,0.00,0.00,0.00,0.00,no_contact
289.13,242.25,187.62,155.12,0.00,0.00,0.00,0.00,no_contact
307.68,246.28,177.93,131.25,0.00,0.00,0.00,0.00,no_contact
295.44,244.45,176.33,127.59,0.00,0.00,0.00,0.00,no_contact
279.15,241.80,175.70,137.99,0.00,0.00,0.00,0.00,no_contact
283.88,245.42,173.56,135.65,0.00,0.00,0.00,0.00,no_contact
307.83,247.42,171.47,129.47,0.00,0.00,0.00,0.00,no_contact
278.03,244.55,173.92,110.03,0.00,0.00,0.00,0.00,no_contact
268.34,246.60,179.17,136.21,0.00,0.00,0.00,0.00,no_contact
294.61,254.44,178.95,130.83,0.00,0.00,0.00,0.00,no_contact
285.62,252.19,175.70,119.32,0.00,0.00,0.00,0.00,no_contact
225.21,319.92,209.99,171.47,0.00,0.00,0.00,0.00,no_contact
233.54,311.68,203.59,191.52,0.00,0.00,0.00,0.00,no_contact
245.83,302.89,190.53,174.36,0.00,0.00,0.00,0.00,no_contact
255.90,299.97,185.85,161.49,0.00,0.00,0.00,0.00,no_contact
227.30,292.51,179.81,151.12,0.00,0.00,0.00,0.00,no_contact
212.23,290.72,181.35,160.72,0.00,0.00,0.00,0.00,no_contact
220.03,284.21,177.34,158.24,0.00,0.00,0.00,0.00,no_contact
243.71,285.85,183.04,186.00,0.00,0.00,0.00,0.00,no_contact
126.81,270.70,248.77,142.98,0.00,0.00,0.00,0.00,no_contact
180.33,269.33,244.22,145.61,0.00,0.00,0.00,0.00,no_contact
183.47,273.59,242.40,152.36,0.00,0.00,0.00,0.00,no_contact
154.61,270.98,231.21,106.08,0.00,0.00,0.00,0.00,no_contact
119.15,265.53,225.65,113.28,0.00,0.00,0.00,0.00,no_contact
152.09,268.27,226.73,117.46,0.00,0.00,0.00,0.00,no_contact
132.74,264.12,217.27,93.24,0.00,0.00,0.00,0.00,no_contact
119.70,261.72,216.86,116.57,0.00,0.00,0.00,0.00,no_contact
186.74,268.07,220.77,125.83,0.00,0.00,0.00,0.00,no_contact
191.00,269.04,219.03,120.60,0.00,0.00,0.00,0.00,no_contact
210.44,270.32,216.61,142.81,0.00,0.00,0.00,0.00,no_contact
231.81,265.46,205.98,149.71,0.00,0.00,0.00,0.00,no_contact
208.38,265.57,202.61,118.33,0.00,0.00,0.00,0.00,no_contact
178.84,260.17,199.22,120.88,0.00,0.00,0.00,0.00,no_contact